,Chat,Category,Lab,Model,Prompt,Completion,Prompt_Tokens,Completion_Tokens,Total_Tokens
0,1,1,openai,gpt-4-0613,Can you brainstorm 20 channels through which AI may increase inequality? Limit your response to 10 words for each point.,"1. Job displacement due to automation.
2. Wealth concentration in tech industries.
3. Increased surveillance disproportionately affecting marginalized groups.
4. Unequal access to AI technology.
5. AI-driven discrimination in hiring practices.
6. Biased AI algorithms reinforcing existing inequalities.
7. AI in healthcare favoring those who can afford it.
8. AI in education creating digital divide.
9. AI-driven financial services excluding low-income individuals.
10. AI in law enforcement targeting minority communities.
11. AI in housing leading to discrimination.
12. AI-driven personalized marketing exploiting vulnerable consumers.
13. AI in politics manipulating public opinion.
14. AI in insurance leading to unfair pricing.
15. AI in credit scoring disadvantaging low-income individuals.
16. AI in social media amplifying hate speech.
17. AI in agriculture favoring large-scale farms.
18. AI in transportation creating mobility inequality.
19. AI in energy sector favoring wealthy consumers.
20. AI in retail leading to job losses.",31.0,199.0,230.0
1,2,1,openai,gpt-4-0613,What are the top-3 pros and cons of working on the economics of AGI?,"Pros of Working on the Economics of AGI:

1. Pioneering Field: As AGI (Artificial General Intelligence) is a relatively new and rapidly evolving field, working on its economics can provide opportunities to make significant contributions and establish oneself as a thought leader.

2. High Impact Potential: The economic implications of AGI are vast, ranging from labor market dynamics to wealth distribution to global trade. Therefore, research and work in this area can have a significant societal impact.

3. Interdisciplinary Approach: Working on the economics of AGI allows for an interdisciplinary approach, combining elements of economics, computer science, philosophy, and more. This can lead to a more comprehensive understanding and innovative solutions.

Cons of Working on the Economics of AGI:

1. Uncertainty and Speculation: Given that AGI is still in its developmental stages, much of the work in its economics involves dealing with uncertainty and speculation. This can make it challenging to develop concrete theories or models.

2. Lack of Data: Since AGI is not yet fully realized, there is a lack of empirical data to test hypotheses or validate models. This can limit the scope and reliability of research in this area.

3. Potential Negative Consequences: If not properly managed, the economic impact of AGI could lead to job displacement, increased inequality, and other negative societal effects. Working in this field involves grappling with these potential consequences and the ethical considerations they raise.",25.0,287.0,312.0
2,3,1,anthropic,claude-2,Can you suggest ways to improve this paper? [Attachment: w30957.pdf],[This completion is not implemented via API access and requires manual interaction.],,,
3,4,1,openai,gpt-4-0613,I am working on an economic model that predicts that cognitive automation will increase inequality. What are the top 5 counterarguments? One line each.,"1. Cognitive automation could lead to job creation in new sectors, offsetting job losses in others.
2. It may increase productivity and economic growth, leading to overall wealth increase.
3. Automation could potentially reduce costs, making goods and services more affordable for all.
4. It could democratize access to services previously only available to the wealthy, reducing inequality.
5. Automation may lead to reskilling and upskilling, creating opportunities for higher paying jobs.",36.0,93.0,129.0
4,5,2,openai,gpt-4-0613,"Write a paragraph in the style of an academic economist that integrates the following points. Include a topic sentence. 
* large language models (LLMs) automate many cognitive tasks 
* the work of academic economists is largely cognitive [add examples] 
* we economists should therefore worry about recent progress in language models 
* in the short run, these models can help us be more productive 
* in the long run, there is a good likelihood that they will displace human economists 
* we should think how to prepare [offer solutions]","The advent of large language models (LLMs) and their capacity to automate a multitude of cognitive tasks presents a significant paradigm shift that academic economists should be cognizant of, given the cognitive nature of our work. Our profession is largely cognitive, involving tasks such as data analysis, economic forecasting, policy recommendation, and scholarly writing, all of which could potentially be automated by these advanced models. While the immediate implications of this technological advancement may enhance our productivity by automating routine tasks, allowing us to focus on more complex and creative aspects of our work, the long-term implications could be more disruptive. There is a plausible likelihood that LLMs, with their increasing sophistication, could eventually displace human economists. As such, it is incumbent upon us to prepare for this potential shift. This could involve developing skills that are less susceptible to automation, such as complex problem-solving, leadership, and emotional intelligence. Additionally, we should advocate for policies that ensure a just transition for those potentially displaced by these technological advancements, such as retraining programs and income support.",114.0,210.0,324.0
5,6,2,openai,gpt-4-0613,"Can you correct the following sentence?
These paper describe six domain in which large language models (LLMs) displays emergant capbilities that are useful to the economic research.",This paper describes six domains in which large language models (LLMs) display emergent capabilities that are useful for economic research.,42.0,25.0,67.0
6,6,2,openai,gpt-4-0613,Can you explain the main corrections you made?,"Sure, here are the main corrections I made:

1. ""These paper"" was changed to ""This paper"". The subject should be singular to match with ""paper"".
2. ""describe"" was changed to ""describes"". The verb should be singular to match with the singular subject ""This paper"".
3. ""domain"" was changed to ""domains"". It should be plural because the sentence is talking about six different areas.
4. ""displays"" was changed to ""display"". The verb should be plural to match with the plural subject ""large language models"".
5. ""emergant"" was changed to ""emergent"". This is the correct spelling of the word.
6. ""capbilities"" was changed to ""capabilities"". This is the correct spelling of the word.
7. ""to the economic research"" was changed to ""for economic research"". The preposition ""for"" is more appropriate in this context.",84.0,189.0,273.0
7,7,2,openai,gpt-4-0613,"Give a concise list of the top 5 stylistic shortcomings of the following abstract: 
Generative AI, in particular large language models (LLMs) such as ChatGPT, has the potential to revolutionize research. I describe dozens of use cases along six domains in which LLMs are starting to become useful as both research assistants and tutors: ideation and feedback, writing, background research, data analysis, coding, and mathematical derivations. I provide general instructions and demonstrate specific examples of how to take advantage of each of these, classifying the LLM capabilities from experimental to highly useful. I argue that economists can reap significant productivity gains by taking advantage of generative AI to automate micro tasks. Moreover, these gains will grow as the performance of AI systems across all of these domains will continue to improve. I also speculate on the longer-term implications of AI-powered cognitive automation for economic research. The online resources associated with this paper offer instructions for how to get started and will provide regular updates on the latest capabilities of generative AI that are useful for economists.","1. Lack of Clarity: The abstract uses a lot of jargon and technical terms without providing clear definitions or explanations, making it difficult for non-experts to understand.

2. Overuse of Passive Voice: The abstract frequently uses passive voice, which can make the writing seem less direct and engaging.

3. Lack of Specificity: The abstract mentions ""dozens of use cases"" and ""six domains"" but does not provide any specific examples or details, making it vague and less informative.

4. Redundancy: The abstract repeats the idea of AI's potential benefits for economists multiple times, which is unnecessary and can make the writing seem repetitive.

5. Lack of Structure: The abstract does not have a clear structure or flow, making it difficult for readers to follow the author's arguments and main points.",221.0,164.0,385.0
8,7,2,openai,gpt-4-0613,Can you rewrite it to correct these shortcomings?,"Generative AI, specifically large language models (LLMs) like ChatGPT, holds the potential to significantly enhance research methodologies. This paper explores the application of LLMs in six key areas: ideation and feedback, writing, background research, data analysis, coding, and mathematical derivations. 

For instance, in the domain of ideation and feedback, LLMs can serve as research assistants, providing innovative ideas and constructive feedback. In writing and background research, they can help in drafting and editing content, as well as in gathering and summarizing relevant information. In data analysis and coding, LLMs can automate routine tasks, thereby increasing efficiency. Lastly, in mathematical derivations, they can assist in solving complex equations and deriving mathematical models.

The capabilities of LLMs in these areas range from experimental to highly useful. Economists, in particular, can leverage these capabilities to automate micro tasks, thereby increasing their productivity. As AI systems continue to evolve, their performance across these domains is expected to improve, leading to even greater productivity gains.

This paper also discusses the potential long-term implications of AI-powered cognitive automation for economic research. The associated online resources provide instructions for getting started with generative AI and offer regular updates on its latest capabilities that are beneficial for economists.",402.0,257.0,659.0
9,8,2,openai,gpt-4-0613,"Brainstorm two or three catchy titles for a paper with the following abstract:
Generative AI, in particular large language models (LLMs) such as ChatGPT, has the potential to revolutionize research. I describe dozens of use cases along six domains in which LLMs are starting to become useful as both research assistants and tutors: ideation and feedback, writing, background research, data analysis, coding, and mathematical derivations. I provide general instructions and demonstrate specific examples of how to take advantage of each of these, classifying the LLM capabilities from experimental to highly useful. I argue that economists can reap significant productivity gains by taking advantage of generative AI to automate micro tasks. Moreover, these gains will grow as the performance of AI systems across all of these domains will continue to improve. I also speculate on the longer-term implications of AI-powered cognitive automation for economic research. The online resources associated with this paper offer instructions for how to get started and will provide regular updates on the latest capabilities of generative AI that are useful for economists.","1. ""Revolutionizing Economic Research: The Power of Generative AI and Large Language Models""
2. ""Unleashing AI in Economics: A Comprehensive Guide to Utilizing Large Language Models""
3. ""The Future of Economic Research: Harnessing the Potential of Generative AI and Large Language Models""",218.0,62.0,280.0
10,8,2,openai,gpt-4-0613,Make them a bit more sober and keep them short.,"1. ""Generative AI in Economic Research""
2. ""Large Language Models: A New Tool for Economists""
3. ""The Role of AI in Modern Economic Studies""",299.0,36.0,335.0
11,9,2,openai,gpt-4-0613,"Write three or four tweets that summarize the following text. Use simple sentences and make them catchy:
Generative AI, in particular large language models (LLMs) such as ChatGPT, has the potential to revolutionize research. I describe dozens of use cases along six domains in which LLMs are starting to become useful as both research assistants and tutors: ideation and feedback, writing, background research, data analysis, coding, and mathematical derivations. I provide general instructions and demonstrate specific examples of how to take advantage of each of these, classifying the LLM capabilities from experimental to highly useful. I argue that economists can reap significant productivity gains by taking advantage of generative AI to automate micro tasks. Moreover, these gains will grow as the performance of AI systems across all of these domains will continue to improve. I also speculate on the longer-term implications of AI-powered cognitive automation for economic research. The online resources associated with this paper offer instructions for how to get started and will provide regular updates on the latest capabilities of generative AI that are useful for economists.","1. ""Generative AI, especially large language models like ChatGPT, are set to revolutionize research! They're becoming handy as research assistants and tutors in six key domains. #AIRevolution #ChatGPT""

2. ""From ideation to coding, generative AI is proving useful in a variety of tasks. Economists, it's time to automate your micro tasks and boost productivity! #AIProductivity #Economics""

3. ""The future of AI-powered cognitive automation in economic research looks promising. Stay tuned for regular updates on the latest capabilities of generative AI. #FutureOfAI #EconomicResearch""

4. ""Want to get started with generative AI? Check out the online resources associated with my paper for instructions and updates. Embrace the AI revolution! #GenerativeAI #GetStarted""",222.0,169.0,391.0
12,10,3,openai,gpt-4-0613,"Summarize the following text in one sentence:
Generative AI, in particular large language models (LLMs) such as ChatGPT, has the potential to revolutionize research. I describe dozens of use cases along six domains in which LLMs are starting to become useful as both research assistants and tutors: ideation and feedback, writing, background research, data analysis, coding, and mathematical derivations. I provide general instructions and demonstrate specific examples of how to take advantage of each of these, classifying the LLM capabilities from experimental to highly useful. I argue that economists can reap significant productivity gains by taking advantage of generative AI to automate micro tasks. Moreover, these gains will grow as the performance of AI systems across all of these domains will continue to improve. I also speculate on the longer-term implications of AI-powered cognitive automation for economic research. The online resources associated with this paper offer instructions for how to get started and will provide regular updates on the latest capabilities of generative AI that are useful for economists.","The author discusses the potential of Generative AI, specifically large language models like ChatGPT, to revolutionize research in various domains such as ideation, writing, data analysis, coding, and mathematics, and suggests that economists can significantly increase productivity by automating micro tasks with AI, with the performance of these systems expected to improve over time.",213.0,69.0,282.0
13,11,3,anthropic,claude-2,Provide a short summary of this paper. [Attachment: w30957.pdf],[This completion is not implemented via API access and requires manual interaction.],,,
14,12,3,openai,gpt-4-0613,Provide citation information for Anton Korinek's paper with Zach Bethune.,"Bethune, Z., & Korinek, A. (2021). Covid-19 Infection Externalities: Trading Off Lives vs. Livelihoods. Journal of Monetary Economics, 117, 1-13.",22.0,46.0,68.0
15,13,3,openai,gpt-4-0613,"Convert the following reference to bibtex format:
Anton Korinek, Large Language Models and Cognitive Automation for Economic Research, NBER Working Paper 30957, February 2023.","@techreport{korinek2023large,
  title={Large Language Models and Cognitive Automation for Economic Research},
  author={Korinek, Anton},
  year={2023},
  institution={NBER},
  type={Working Paper},
  number={30957},
  month={February}
}",46.0,64.0,110.0
16,13,3,openai,gpt-4-0613,Format it in Chicago style.,"Korinek, Anton. 2023. ""Large Language Models and Cognitive Automation for Economic Research."" NBER Working Paper No. 30957, February.",124.0,34.0,158.0
17,14,3,openai,gpt-4-0613,"Translate the following sentence into Spanish, German, and Finnish: Generative AI, in particular large language models (LLMs) such as ChatGPT, has the potential to revolutionize research in many disciplines.","Spanish: La IA generativa, en particular los modelos de lenguaje grandes (LLMs) como ChatGPT, tiene el potencial de revolucionar la investigación en muchas disciplinas.

German: Generative KI, insbesondere große Sprachmodelle (LLMs) wie ChatGPT, hat das Potenzial, die Forschung in vielen Disziplinen zu revolutionieren.

Finnish: Generatiivinen tekoäly, erityisesti suuret kielen mallit (LLMs), kuten ChatGPT, on potentiaalia mullistaa tutkimusta monilla aloilla.",49.0,134.0,183.0
18,15,3,openai,gpt-4-0613,What are instrumental variables useful for?,"Instrumental variables are useful for addressing issues of endogeneity in statistical analysis, particularly in regression analysis. Endogeneity can occur due to omitted variables, measurement errors, or simultaneity, leading to biased and inconsistent parameter estimates.

Instrumental variables help to isolate the effect of the explanatory variable on the dependent variable by providing a source of exogenous variation. This allows for a more accurate estimation of causal relationships. They are often used in fields such as economics, sociology, epidemiology, and political science.",14.0,100.0,114.0
19,16,3,openai,text-davinci-003,What is the second theorem of welfare economics?,"

The Second Theorem of",9.0,7.0,16.0
20,17,4,openai,code-interpreter,Simulate the Solow growth model and plot the results in a four chart.,[This completion is not implemented via API access and requires manual interaction.],,,
21,18,4,openai,gpt-4-0613,"What does the following function do?
def regression(X, y):
    X = np.hstack((np.ones((X.shape[0], 1)), X))
    XtXinv = np.linalg.inv(np.dot(X.T, X))
    beta1 = np.dot(np.dot(XtXinv, X.T), y)
    residuals = y - np.dot(X, beta1)
    V = np.diag(residuals**2)
    Vinv = np.linalg.inv(V)
    XtVinvXinv = np.linalg.inv(np.dot(X.T, np.dot(Vinv, X)))
    beta2 = np.dot(np.dot(XtVinvXinv, X.T), np.dot(Vinv, y))
    return beta1, beta2","This function performs a two-step generalized least squares (GLS) regression. 

In the first step, it performs an ordinary least squares (OLS) regression to estimate the coefficients (beta1) of the linear model. It also calculates the residuals (the differences between the observed and predicted values of the dependent variable).

In the second step, it uses these residuals to estimate the variance-covariance matrix of the errors (V), and then performs a GLS regression, which is a form of linear regression that accounts for heteroscedasticity (non-constant variance of the errors) in the data. The coefficients of this GLS regression (beta2) are returned by the function.

The inputs to the function are X (a 2D numpy array of the independent variables) and y (a 1D numpy array of the dependent variable). The outputs are the coefficients of the OLS and GLS regressions.",158.0,187.0,345.0
22,18,4,openai,gpt-4-0613,Can you translate the function into Matlab?,"Sure, here is the equivalent MATLAB code for the function:

```Matlab
function [beta1, beta2] = regression(X, y)
    X = [ones(size(X, 1), 1), X];
    XtXinv = inv(X' * X);
    beta1 = XtXinv * X' * y;
    residuals = y - X * beta1;
    V = diag(residuals .^ 2);
    Vinv = inv(V);
    XtVinvXinv = inv(X' * Vinv * X);
    beta2 = XtVinvXinv * X' * Vinv * y;
end
```

This MATLAB function does the same thing as the Python function: it performs a two-step generalized least squares regression and returns the coefficients of the OLS and GLS regressions. The inputs to the function are X (a matrix of the independent variables) and y (a vector of the dependent variable).",361.0,197.0,558.0
23,19,4,openai,gpt-4-0613,"Traceback (most recent call last):
File ""C:/.../test.py"", line 20, in <module>
X = np.array([[1, 2], [3, 4], [5, 6], [7,8]]) 
NameError: name 'np' is not defined}","The error message is telling you that the name 'np' is not defined. This usually happens when you try to use a library that has not been imported yet. In this case, 'np' is a common alias for the numpy library.

To fix this error, you need to import the numpy library at the beginning of your script. You can do this by adding the following line at the top of your script:

```python
import numpy as np
```

This line of code will import the numpy library and give it the alias 'np'. After this, you should be able to use 'np' to call numpy functions.",71.0,128.0,199.0
24,20,4,openai,gpt-4-0613,"Can you debug the following function?
def regression(X, y):
    X = np.hstack((np.ones((X.shape[0], 1)), X))
    XtXinv = np.linalg.inv(np.dot(X.T, X))
    beta1 = np.dot(np.dot(XtXinv, X.T), y)
    residuals = y - np.dot(X, beta1)
    V = np.diag(residuals**2)
    V_inv = np.linalg.inv(V)
    XtVinvXinv = np.linalg.inv(np.dot(X.T, np.dot(Vinv, X)))
    beta2 = np.dot(np.dot(XtVinvXinv, X.T), np.dot(Vinv, y))
    return beta1, beta2","The function seems to be implementing a form of weighted least squares regression, but there are a few issues with it. Here's a debugged version:

```python
import numpy as np

def regression(X, y):
    # Add a column of ones to X for the intercept term
    X = np.hstack((np.ones((X.shape[0], 1)), X))
    
    # Calculate the ordinary least squares solution
    XtXinv = np.linalg.inv(np.dot(X.T, X))
    beta1 = np.dot(np.dot(XtXinv, X.T), y)
    
    # Calculate the residuals
    residuals = y - np.dot(X, beta1)
    
    # Calculate the variance of the residuals
    V = np.diag(residuals**2)
    
    # Check if V is invertible
    if np.linalg.det(V) == 0:
        print(""Matrix V is not invertible."")
        return None
    
    V_inv = np.linalg.inv(V)
    
    # Calculate the weighted least squares solution
    XtVinvX = np.dot(X.T, np.dot(V_inv, X))
    
    # Check if XtVinvX is invertible
    if np.linalg.det(XtVinvX) == 0:
        print(""Matrix XtVinvX is not invertible."")
        return None
    
    XtVinvXinv = np.linalg.inv(XtVinvX)
    beta2 = np.dot(np.dot(XtVinvXinv, X.T), np.dot(V_inv, y))
    
    return beta1, beta2
```

Changes made:

1. Added import statement for numpy.
2. Added checks to see if the matrices V and XtVinvX are invertible before trying to invert them. If they are not invertible, the function prints an error message and returns None.
3. Corrected the variable name 'Vinv' to 'V_inv' in the calculation of XtVinvX and beta2.",158.0,409.0,567.0
25,21,5,openai,code-interpreter,"Can you display a graph that shows the performance of these securities normalized to start at 100?
[Uploaded stock_data.csv]",[This completion is not implemented via API access and requires manual interaction.],,,
26,21,5,openai,code-interpreter,"Calculate the beta for each of the stocks and add it to the legend. Change the colors to make them easier to distinguish. Use the title ""One-Decade Performance of Three Big Tech Companies"".",[This completion is not implemented via API access and requires manual interaction.],,,
27,21,5,openai,code-interpreter,"Double the size of the title, legend, axes labels and ticks. Label ""^GSPC"" in the legend as ""S&P 500"".",[This completion is not implemented via API access and requires manual interaction.],,,
28,21,5,openai,code-interpreter,Assume I put $100 in each of the three stocks at the start. Can you show a pie chart that shows how much I would have in each stock now?,[This completion is not implemented via API access and requires manual interaction.],,,
29,21,5,openai,code-interpreter,Can you label each position with its current dollar value in addition to the percentage? Can you make one of the pieces pop out of the pie?,[This completion is not implemented via API access and requires manual interaction.],,,
30,22,5,openai,gpt-4-0613,"Mark got an A in econ and a B+ in math. Sally got an A- in both econ and math. Frank got a B in econ and a C in math. 
Reformat as follows: Name & econ grade & math grade","Mark & A & B+
Sally & A- & A-
Frank & B & C",56.0,19.0,75.0
31,22,5,openai,gpt-4-0613,Reformat in CSV format.,"Name,Econ Grade,Math Grade
Mark,A,B+
Sally,A-,A-
Frank,B,C",89.0,21.0,110.0
32,22,5,openai,gpt-4-0613,Write as a LaTeX table.,"\begin{tabular}{ccc}
Name & Econ Grade & Math Grade \\
Mark & A & B+ \\
Sally & A- & A- \\
Frank & B & C \\
\end{tabular}",124.0,44.0,168.0
33,23,5,openai,gpt-4-0613,"Here are 5 tasks from O*Net:
1. Monitor operational records and reports to ensure accuracy and efficiency.
2. Develop and implement policies and procedures for recordkeeping.
3. Prepare and maintain employee records.
4. Maintain and update filing, inventory, mailing, and database systems.
5. Compile and prepare reports, charts, and graphs.
Provide a 5-10-word description of how easy to automate each task is and classify into ""easy"" or ""hard"" to automate. 
Provide your output in the form of a LaTeX table with the following columns:
no; task; justification; classification","\begin{tabular}{|c|p{8cm}|p{5cm}|c|}
\hline
No & Task & Justification & Classification \\
\hline
1 & Monitor operational records and reports to ensure accuracy and efficiency. & Requires understanding of context and decision-making. & Hard \\
\hline
2 & Develop and implement policies and procedures for recordkeeping. & Requires understanding of business needs and context. & Hard \\
\hline
3 & Prepare and maintain employee records. & Mostly data entry and retrieval, easily automated. & Easy \\
\hline
4 & Maintain and update filing, inventory, mailing, and database systems. & Mostly data entry and retrieval, easily automated. & Easy \\
\hline
5 & Compile and prepare reports, charts, and graphs. & Data processing and visualization can be automated. & Easy \\
\hline
\end{tabular}",129.0,186.0,315.0
34,24,5,openai,gpt-4-0613,"Is the following FOMC statement from December 2022 hawkish or dovish?
Recent indicators point to modest growth in spending and production.  Job gains have been robust in recent months, and the unemployment rate has remained low.  Inflation remains elevated, reflecting supply and demand imbalances related to the pandemic, higher food and energy prices, and broader price pressures.  Russia’s war against Ukraine is causing tremendous human and economic hardship.  The war and related events are contributing to upward pressure on inflation and are weighing on global economic activity.  The Committee is highly attentive to inflation risks.  The Committee seeks to achieve maximum employment and inflation at the rate of 2 percent over the longer run.  In support of these goals, the Committee decided to raise the target range for the federal funds rate to 4-1/4 to 4-1/2 percent.  The Committee anticipates that ongoing increases in the target range will be appropriate in order to attain a stance of monetary policy that is sufficiently restrictive to return inflation to 2 percent over time.  In determining the pace of future increases in the target range, the Committee will take into account the cumulative tightening of monetary policy, the lags with which monetary policy affects economic activity and inflation, and economic and financial developments.  In addition, the Committee will continue reducing its holdings of Treasury securities and agency debt and agency mortgage-backed securities, as described in the Plans for Reducing the Size of the Federal Reserve’s Balance Sheet that were issued in May.  The Committee is strongly committed to returning inflation to its 2 percent objective. In assessing the appropriate stance of monetary policy, the Committee will continue to monitor the implications of incoming information for the economic outlook.  The Committee would be prepared to adjust the stance of monetary policy as appropriate if risks emerge that could impede the attainment of the Committee’s goals.  The Committee’s assessments will take into account a wide range of information, including readings on public health, labor market conditions, inflation pressures and inflation expectations, and financial and international developments.","The statement is hawkish. The FOMC is indicating a concern about elevated inflation and is taking action by raising the target range for the federal funds rate. The statement also mentions the anticipation of ongoing increases in the target range to return inflation to 2 percent over time. Furthermore, the Committee is reducing its holdings of Treasury securities and agency debt and agency mortgage-backed securities, which is another hawkish action.",422.0,82.0,504.0
35,25,5,openai,gpt-4-0613,"For each of the following registered voters, provide a one-word rating to indicate whether they are more likely to approve or disapprove of a policy proposal to loosen US immigration restrictions on highly-educated workers: 
1. A 32-year old female lawyer in Houston, TX who is Hispanic 
2. A 73-year old male retired doctor in Rome, GA who is Caucasian
3. A 25-year old software engineer in San Francisco, CA who is Asian and identifies as non-binary 
4. A 45-year old female grocery check-out clerk in Brooklyn, NY who is second-generation Italian 
5. A 55-year old male insurance agent in Lake City, FL who is Caucasian","1. Approve
2. Disapprove
3. Approve
4. Disapprove
5. Disapprove",145.0,24.0,169.0
36,26,6,openai,gpt-4-0613,Set up the optimization problem of a consumer with CES preferences over two goods in LaTeX code.,"The optimization problem of a consumer with CES (Constant Elasticity of Substitution) preferences over two goods can be set up as follows:

The consumer's utility function is given by:

\[
U(x_1, x_2) = \left[ \alpha x_1^\rho + (1-\alpha) x_2^\rho \right]^{1/\rho}
\]

where \(x_1\) and \(x_2\) are the quantities of the two goods, \(\alpha\) is the weight given to good 1, and \(\rho\) is the substitution parameter.

The consumer's budget constraint is:

\[
p_1x_1 + p_2x_2 = I
\]

where \(p_1\) and \(p_2\) are the prices of the two goods and \(I\) is the consumer's income.

The consumer's optimization problem is then to maximize utility subject to the budget constraint:

\[
\begin{aligned}
& \underset{x_1, x_2}{\text{maximize}}
& & \left[ \alpha x_1^\rho + (1-\alpha) x_2^\rho \right]^{1/\rho} \\
& \text{subject to}
& & p_1x_1 + p_2x_2 = I
\end{aligned}
\]",25.0,283.0,308.0
37,26,6,openai,gpt-4-0613,Solve the optimization problem.,"To solve this optimization problem, we can use the method of Lagrange multipliers. The Lagrangian for this problem is:

\[
\mathcal{L}(x_1, x_2, \lambda) = \left[ \alpha x_1^\rho + (1-\alpha) x_2^\rho \right]^{1/\rho} + \lambda (I - p_1x_1 - p_2x_2)
\]

Taking the first order conditions, we get:

\[
\frac{\partial \mathcal{L}}{\partial x_1} = \alpha x_1^{\rho-1} \left[ \alpha x_1^\rho + (1-\alpha) x_2^\rho \right]^{(1-\rho)/\rho} - \lambda p_1 = 0
\]

\[
\frac{\partial \mathcal{L}}{\partial x_2} = (1-\alpha) x_2^{\rho-1} \left[ \alpha x_1^\rho + (1-\alpha) x_2^\rho \right]^{(1-\rho)/\rho} - \lambda p_2 = 0
\]

\[
\frac{\partial \mathcal{L}}{\partial \lambda} = I - p_1x_1 - p_2x_2 = 0
\]

Solving these equations simultaneously gives the optimal quantities of \(x_1\) and \(x_2\) and the value of the Lagrange multiplier \(\lambda\). The solution will depend on the specific values of \(\alpha\), \(\rho\), \(p_1\), \(p_2\), and \(I\).",322.0,368.0,690.0
38,26,6,openai,gpt-4-0613,Derive the demand functions.,"To derive the demand functions, we can divide the first two first-order conditions to eliminate the Lagrange multiplier \(\lambda\):

\[
\frac{\alpha x_1^{\rho-1} \left[ \alpha x_1^\rho + (1-\alpha) x_2^\rho \right]^{(1-\rho)/\rho}}{p_1} = \frac{(1-\alpha) x_2^{\rho-1} \left[ \alpha x_1^\rho + (1-\alpha) x_2^\rho \right]^{(1-\rho)/\rho}}{p_2}
\]

Simplifying, we get:

\[
\frac{\alpha x_1^{\rho}}{p_1} = \frac{(1-\alpha) x_2^{\rho}}{p_2}
\]

Solving for \(x_1\) and \(x_2\) gives the Marshallian demand functions:

\[
x_1^* = \frac{\alpha I}{p_1} \left( \frac{p_1}{\alpha p_1 + (1-\alpha) p_2} \right)^{\rho}
\]

\[
x_2^* = \frac{(1-\alpha) I}{p_2} \left( \frac{p_2}{\alpha p_1 + (1-\alpha) p_2} \right)^{\rho}
\]

These demand functions show how the optimal quantities of the two goods depend on their prices, the consumer's income, and the parameters of the utility function.",704.0,339.0,1043.0
39,27,6,openai,gpt-4-0613,"Can you explain what this model is, how to get from one step to the next, and what the intuition for each step is?
\begin{align*}
& \underset{{C(t), K(t)}}{max} & & \int_0^\infty e^{-\rho t} U(C(t)) dt \\ 
& \text{\normalfont{s.t.}} & & \dot{K}(t) = F(K(t), L) - \delta K(t) - C(t) \\ 
& & & K(0) \text{\normalfont{ given}} \\ 
& & & \lim_{t \to \infty} K(t) e^{-\rho t} \geq 0 
\end{align*}
\begin{equation*} 
\mathcal{H}(t,K(t), C(t), \lambda(t)) = e^{-\rho t} U(C(t)) + \lambda(t) [F(K(t), L) - \delta K(t) - C(t)] 
\end{equation*} 
\begin{align*} 
& \frac{\partial \mathcal{H}}{\partial C(t)} = 0 \Rightarrow U'(C(t)) = \lambda(t)  \\ 
& \frac{\partial \mathcal{H}}{\partial K(t)} +\dot{\lambda}(t) = 0  \Rightarrow \dot\lambda(t) = -\lambda(t)[F'(K(t), L) - \delta]  \\ 
& \lim_{t \to \infty} \lambda(t) K(t) = 0 
\end{align*}","This is a model of optimal control theory, specifically a Ramsey–Cass–Koopmans model, which is used in economics to study optimal consumption and investment decisions over time. The model is set up as an infinite-horizon, continuous-time optimization problem.

The first equation is the objective function, which represents the discounted utility of consumption over time. The goal is to maximize this utility. The function U(C(t)) is the utility function, which describes the satisfaction derived from consumption at time t, and ρ is the discount rate, which reflects the preference for current consumption over future consumption.

The second equation is the constraint, which is the law of motion for capital. The change in capital over time, K(t), is equal to the production function F(K(t), L) minus depreciation of capital (δK(t)) and consumption (C(t)). The production function F(K(t), L) describes how much output can be produced given the amount of capital and labor.

The third equation is the initial condition, which specifies the amount of capital at time 0.

The fourth equation is the transversality condition, which ensures that the capital stock does not explode or implode in the long run.

The Hamiltonian function, H(t,K(t), C(t), λ(t)), is introduced to solve this constrained optimization problem. It is the sum of the utility function and the product of the Lagrange multiplier λ(t) and the constraint.

The next three equations are the first-order conditions derived from the Hamiltonian function, which determine the optimal paths of consumption and capital over time.

The first condition equates the marginal utility of consumption to the Lagrange multiplier, implying that the optimal consumption level is where the marginal utility of consumption equals the shadow price of capital.

The second condition describes the evolution of the Lagrange multiplier over time, which is determined by the marginal product of capital minus the depreciation rate.

The last condition is the transversality condition in terms of the Lagrange multiplier and capital, which ensures that the value of the capital stock approaches zero in the long run.",357.0,417.0,774.0
40,100,10,anthropic,claude-2,Can you draft a referee report for this paper for the Journal of Economic Literature? [Attachment: w30957.pdf],[This completion is not implemented via API access and requires manual interaction.],,,
41,100,10,anthropic,claude-2,Would this paper be suitable for the American Economic Review?,[This completion is not implemented via API access and requires manual interaction.],,,
42,101,11,openai,code-interpreter,Simulate the Solow growth model and plot the results in a four chart.,[This completion is not implemented via API access and requires manual interaction.],,,
43,101,11,openai,code-interpreter,Go ahead.,[This completion is not implemented via API access and requires manual interaction.],,,
44,102,12,openai,gpt-4-0613,"Write code to download adjusted close of GOOG, META and MSFT as well as the S&P500 index from 7/1/2014 to 6/30/2023 and save it in a CSV file.","To download the adjusted close of GOOG, META (previously FB), and MSFT as well as the S&P500 index, we can use the `yfinance` library in Python. This library allows you to download stock data from Yahoo Finance.

Please note that the end date is set to today's date as the data for 2023 is not available yet.

Here is the Python code:

```python
import yfinance as yf
import pandas as pd

# Define the ticker list
tickers_list = ['GOOG', 'META', 'MSFT', '^GSPC']

# Fetch the data
data = yf.download(tickers_list, start=""2014-07-01"", end=pd.to_datetime('today').strftime('%Y-%m-%d'))

# Only keep close columns
data = data.loc[:, data.columns.str.contains('Adj Close')]

# Rename columns
data.columns = ['GOOG', 'META', 'MSFT', 'S&P500']

# Save data to a CSV file
data.to_csv('stock_data.csv')
```

This code will save the adjusted close prices of the specified stocks and the S&P500 index in a CSV file named 'stock_data.csv'. 

Please note that the 'META' ticker symbol was changed from 'FB' to 'META' in late 2021, so if you're running this code for a date range prior to this, you should use 'FB' instead of 'META'. 

Also, please make sure to install the `yfinance` library before running the code. You can do this by running `pip install yfinance` in your terminal.",53.0,336.0,389.0
45,103,12,openai,code-interpreter,Can you display a graph that shows the performance of these securities normalized to start at 100? [Uploaded stock_data.csv],[This completion is not implemented via API access and requires manual interaction.],,,
46,103,12,openai,code-interpreter,"Calculate the beta for each of the stocks and add it to the legend. Change the colors to make them easier to distinguish. Use the title ""One-Decade Performance of Three Big Tech Companies"".",[This completion is not implemented via API access and requires manual interaction.],,,
47,103,12,openai,code-interpreter,"Double the size of the title, legend, axes labels and ticks. Label ""^GSPC"" in the legend as ""S&P 500"".",[This completion is not implemented via API access and requires manual interaction.],,,
48,103,12,openai,code-interpreter,Assume I put $100 in each of the three stocks at the start. Can you show a pie chart that shows how much I would have in each stock now?,[This completion is not implemented via API access and requires manual interaction.],,,
49,103,12,openai,code-interpreter,Can you label each position with its current dollar value in addition to the percentage? Can you make one of the pieces pop out of the pie?,[This completion is not implemented via API access and requires manual interaction.],,,
